{
  "node": 4,
  "path": [
    [
      0,
      0.0
    ],
    [
      1,
      1.0
    ]
  ],
  "count": [
    20
  ],
  "weight": [
    0.6763784012098515,
    0.16413134365815374,
    0.16413134365815374,
    0.6642934682919428,
    0.664293468291943,
    0.675506742884656,
    0.6571931351362368,
    0.6684064097289497,
    0.16944019268793412,
    0.6684064097289499,
    0.16944019268793398,
    0.6571931351362366
  ]
}